site_SARS2,A,D,E,F,H,K,N,P,Q,R,S,T,W,Y
417,Removed,Removed,Removed,K417F,K417H,Removed,Removed,Removed,Removed,Removed,Removed,Removed,Removed,K417Y
452,Removed,Removed,L452E,Removed,Removed,L452K,Removed,Removed,Removed,L452R,Removed,L452T,L452W,L452Y
483,Removed,V483D,V483E,Removed,Removed,V483K,Removed,Removed,Removed,V483R,Removed,Removed,Removed,Removed
484,Removed,Removed,Removed,Removed,Removed,E484K,E484N,Removed,E484Q,E484R,E484S,E484T,Removed,Removed
486,Removed,Removed,Removed,Removed,Removed,Removed,Removed,F486P,Removed,Removed,Removed,Removed,Removed,Removed
490,F490A,Removed,F490E,Removed,Removed,F490K,F490N,F490P,F490Q,F490R,F490S,Removed,Removed,Removed
493,Removed,Removed,Removed,Removed,Removed,Q493K,Removed,Removed,Removed,Q493R,Removed,Removed,Removed,Removed
494,Removed,Removed,Removed,Removed,Removed,S494K,Removed,S494P,Removed,S494R,Removed,Removed,Removed,Removed
501,N501A,Removed,Removed,Removed,Removed,Removed,Removed,Removed,Removed,Removed,Removed,Removed,Removed,Removed
